<?xml version="1.0" encoding="utf-8"?>
<edmx:Edmx Version="4.0" xmlns:edmx="http://docs.oasis-open.org/odata/ns/edmx">
    <edmx:Reference Uri="https://oasis-tcs.github.io/odata-vocabularies/vocabularies/Org.OData.Aggregation.V1.xml">
        <edmx:Include Alias="Aggregation" Namespace="Org.OData.Aggregation.V1"/>
    </edmx:Reference>
    <edmx:Reference Uri="https://oasis-tcs.github.io/odata-vocabularies/vocabularies/Org.OData.Core.V1.xml">
        <edmx:Include Alias="Core" Namespace="Org.OData.Core.V1"/>
    </edmx:Reference>
    <edmx:DataServices>
        <Schema Namespace="BASAppService" xmlns="http://docs.oasis-open.org/odata/ns/edm">
            <EntityContainer Name="EntityContainer">
                <EntitySet Name="Books" EntityType="BASAppService.Books"/>
            </EntityContainer>
            <EntityType Name="Books">
                <Key>
                    <PropertyRef Name="ID"/>
                </Key>
                <Property Name="ID" Type="Edm.Guid" Nullable="false"/>
                <Property Name="name" Type="Edm.String" MaxLength="100"/>
                <Property Name="price" Type="Edm.Decimal" Scale="variable"/>
            </EntityType>
            <Annotations Target="BASAppService.Books">
                <Annotation Term="Aggregation.CustomAggregate" Qualifier="price" String="Edm.Decimal"/>
                <Annotation Term="Aggregation.ApplySupported">
                    <Record Type="Aggregation.ApplySupportedType">
                        <PropertyValue Property="GroupableProperties">
                            <Collection>
                                <PropertyPath>name</PropertyPath>
                            </Collection>
                        </PropertyValue>
                        <PropertyValue Property="AggregatableProperties">
                            <Collection>
                                <Record Type="Aggregation.AggregatablePropertyType">
                                    <PropertyValue Property="Property" PropertyPath="price"/>
                                </Record>
                            </Collection>
                        </PropertyValue>
                    </Record>
                </Annotation>
            </Annotations>
            <Annotations Target="BASAppService.EntityContainer/Books">
                <Annotation Term="Aggregation.CustomAggregate" Qualifier="price" String="Edm.Decimal"/>
                <Annotation Term="Aggregation.ApplySupported">
                    <Record Type="Aggregation.ApplySupportedType">
                        <PropertyValue Property="GroupableProperties">
                            <Collection>
                                <PropertyPath>name</PropertyPath>
                            </Collection>
                        </PropertyValue>
                        <PropertyValue Property="AggregatableProperties">
                            <Collection>
                                <Record Type="Aggregation.AggregatablePropertyType">
                                    <PropertyValue Property="Property" PropertyPath="price"/>
                                </Record>
                            </Collection>
                        </PropertyValue>
                    </Record>
                </Annotation>
            </Annotations>
            <Annotations Target="BASAppService.Books/ID">
                <Annotation Term="Core.Computed" Bool="true"/>
            </Annotations>
        </Schema>
    </edmx:DataServices>
</edmx:Edmx>