{
  "localService/metadata.xml": 1668550724162,
  "manifest.json": 1668551384503,
  "xs-app.json": 1668551384499,
  "test/integration/pages/BooksObjectPage.js": 1668550724186,
  "test/integration/pages/BooksList.js": 1668550724186,
  "test/integration/opaTests.qunit.js": 1668550724182,
  "test/integration/FirstJourney.js": 1668550724186,
  "test/testsuite.qunit.js": 1668550724178,
  "Component.js": 1668550724154,
  "manifest-bundle.zip": 1668551419731,
  "Component-preload.js": 1668551419918,
  "test/integration/FirstJourney-dbg.js": 1668550724186,
  "test/integration/pages/BooksList-dbg.js": 1668550724186,
  "test/integration/opaTests.qunit-dbg.js": 1668550724182,
  "test/integration/pages/BooksObjectPage-dbg.js": 1668550724186,
  "test/testsuite.qunit-dbg.js": 1668550724178,
  "Component-dbg.js": 1668550724154,
  "test/integration/opaTests.qunit.html": 1668550724182,
  "test/testsuite.qunit.html": 1668550724170,
  "test/flpSandbox.html": 1668550724162,
  "i18n/i18n.properties": 1668550732494,
  "annotations/annotation.xml": 1668550724162,
  "index.html": 1668550724154
}